{"cameraMode":{"drawMode":0,"name":"Shaded","section":"Shading Mode"},"sceneLighting":true,"audioPlay":false,"sceneViewState":{"m_AlwaysRefresh":false,"showFog":true,"showSkybox":true,"showFlares":true,"showImageEffects":true,"showParticleSystems":true,"showVisualEffectGraphs":true,"m_FxEnabled":true},"in2DMode":false,"pivot":{"x":2.4205994606018068,"y":-0.417125940322876,"z":0.6686379909515381},"rotation":{"x":-0.018681764602661134,"y":0.9642343521118164,"z":-0.25476282835006716,"w":-0.07070757448673248},"size":4.81237268447876,"orthographic":false}